{
    "x": [
        [
            -1.4490528319580704,
            -1.2763986579129107,
            0.0
        ],
        [
            -0.8100841577835278,
            1.2874462354578888,
            0.0
        ],
        [
            0.9538012069052635,
            0.06368344706203113,
            0.0
        ],
        [
            -1.5081072958204491,
            -0.43886571885827425,
            0.0
        ],
        [
            0.11917355657917929,
            -0.06328494294044548,
            0.0
        ],
        [
            1.3268821023145176,
            0.9793853596854184,
            0.0
        ],
        [
            0.707378274210956,
            -1.014337295591339,
            0.0
        ],
        [
            -0.47106592539635495,
            -0.911254279176608,
            0.0
        ],
        [
            0.17772088204510422,
            1.0268322101483804,
            0.0
        ],
        [
            -0.841577267133959,
            0.28274436676740505,
            0.0
        ]
    ],
    "types": [
        0,
        0,
        0,
        0,
        0,
        1,
        1,
        1,
        1,
        1
    ],
    "b": [
        3.1622776601683795,
        3.1622776601683795,
        1.0
    ],
    "bh": [
        1.5811388300841898,
        1.5811388300841898,
        0.5
    ],
    "sigmas": [
        0.5,
        0.7
    ],
    "dim": 2,
    "vscale": 1.0,
    "potential": "Hertz",
    "numa": 5
}