{
    "x": [
        [
            -1.3447645335022325,
            -1.4589707559533713,
            0.0
        ],
        [
            -1.3399402635445394,
            0.6333192303889883,
            0.0
        ],
        [
            -0.49891112422919903,
            1.1928026429696366,
            0.0
        ],
        [
            0.9648078531466179,
            -0.9120291416022417,
            0.0
        ],
        [
            0.2890720875174358,
            -1.4528342561210268,
            0.0
        ],
        [
            0.3143380225964403,
            -0.3487341152746634,
            0.0
        ],
        [
            0.7903083375821104,
            0.6236307475498393,
            0.0
        ],
        [
            -0.5229990571405994,
            0.3074272325342591,
            0.0
        ],
        [
            1.50080037338201,
            -0.22892656238739634,
            0.0
        ],
        [
            -0.6518338502232641,
            -0.9052794934423376,
            0.0
        ]
    ],
    "types": [
        0,
        0,
        0,
        0,
        1,
        1,
        1,
        1,
        1,
        1
    ],
    "b": [
        3.015113445777636,
        3.015113445777636,
        1.0
    ],
    "bh": [
        1.507556722888818,
        1.507556722888818,
        0.5
    ],
    "sigmas": [
        0.88,
        0.8,
        1.0,
        0.5,
        1.5,
        1.0
    ],
    "dim": 2,
    "vscale": 0.01,
    "potential": "LJ",
    "numa": 4
}